{
	"credit": "Model by 8onfire, made in Blockbench",
	"ambientocclusion": false,
	"textures": {
		"particle": "block/cocoa_stage2",
		"cocoa": "block/cocoa_stage2"
	},
	"elements": [
		{
			"name": "pod",
			"from": [4, 3, 7],
			"to": [12, 12, 15],
			"faces": {
				"north": {"uv": [0, 7, 8, 16], "texture": "#cocoa"},
				"east": {"uv": [0, 7, 8, 16], "texture": "#cocoa"},
				"south": {"uv": [0, 7, 8, 16], "texture": "#cocoa"},
				"west": {"uv": [0, 7, 8, 16], "texture": "#cocoa"},
				"up": {"uv": [8, 8, 16, 16], "texture": "#cocoa"},
				"down": {"uv": [16, 8, 8, 0], "texture": "#cocoa"}
			}
		},
		{
			"name": "stem",
			"from": [8, 12, 10],
			"to": [8, 16, 16],
			"shade": false,
			"faces": {
				"east": {"uv": [6, 0, 0, 4], "texture": "#cocoa"},
				"west": {"uv": [0, 0, 6, 4], "texture": "#cocoa"}
			}
		}
	]
}